{
  "project_info": {
    "project_number": "692429562386",
    "firebase_url": "https://rf-db-6f29b.firebaseio.com",
    "project_id": "rf-db-6f29b",
    "storage_bucket": "rf-db-6f29b.appspot.com"
  },
  "client": [
    {
      "client_info": {
        "mobilesdk_app_id": "1:692429562386:android:52e9eb966deec584",
        "android_client_info": {
          "package_name": "com.restfam.luisaguirre.rf"
        }
      },
      "oauth_client": [
        {
          "client_id": "692429562386-nnoc0376lpmbjkb0lan7obbv9k44ikjr.apps.googleusercontent.com",
          "client_type": 3
        }
      ],
      "api_key": [
        {
          "current_key": "AIzaSyC15CtMYKf9P522lqB7jfWw7UzFYNhrf_k"
        }
      ],
      "services": {
        "analytics_service": {
          "status": 1
        },
        "appinvite_service": {
          "status": 1,
          "other_platform_oauth_client": []
        },
        "ads_service": {
          "status": 2
        }
      }
    }
  ],
  "configuration_version": "1"
}